Species,Individual,Treatment,Start,End,Start,End,Start,End,Wet Weight (g),Date,Pressure,Tube ID,Treatments,Description,,Species_Count,Num
Cricket,A,N,300,500,700,900,1050,1250,0.0441,19-Jul,29.81,,N,Nothing,,Cricket+Gladicosa,20
Cricket,A,C,2200,2400,2550,2750,2950,3150,0.0441,19-Jul,29.81,,C,Chemical,,Lynx+Pisaurina,14
Cricket,A,B,4400,4600,4750,4950,5100,5300,0.0441,19-Jul,29.81,,B,Both chemical and visual,,Phiddipus+Pisaurina,20
Cricket,B,C,6300,6500,6650,6850,7050,7250,0.0453,19-Jul,29.81,,,,,TRRA+Gladicosa,20
Cricket,B,N,8050,8250,8400,8600,8800,9000,0.0453,19-Jul,29.81,,,,,MEFE+Pisaurina,20
Cricket,B,B,9950,10150,10375,10575,10800,11000,0.0453,19-Jul,29.81,,Times,,,ONAS+Gladicosa,16
Cricket,C,N,11950,12150,12300,12500,12675,12875,0.0122,19-Jul,29.81,,Measurement,200 sec,,,
Cricket,C,B,13650,13850,14000,14200,14375,14575,0.0122,19-Jul,29.81,,Acclimation,10 min,,,
Cricket,C,C,15300,15500,15675,15875,16050,16250,0.0122,19-Jul,29.81,,Rest,150 sec,,,
Cricket,Blank,Blank,16600,16800,17000,17200,17350,17550,NA,19-Jul,29.81,,,,,,
Cricket,Blank,Blank,0,200,350,550,700,900,NA,20-Jul,29.81,,Volume adjustment notes,,,,
Cricket,D,N,1620,1820,1970,2170,2350,2550,0.0712,20-Jul,29.81,,For 24 Aug Lynx measurements and all dates after 24 Aug:,,,,
Cricket,D,C,3220,3420,3570,3770,3920,4120,0.0712,20-Jul,29.81,,,Removed O2 sensor,,,
Cricket,D,B,4770,4970,5120,5320,5540,5740,0.0712,20-Jul,29.81,,,Removed 24 inches of tubing,,,
Cricket,E,B,6500,6700,6850,7050,7200,7400,0.0658,20-Jul,29.81,,,,,,
Cricket,E,C,8100,8300,8450,8650,8800,9000,0.0658,20-Jul,29.81,,,,,,
Cricket,E,N,9650,9850,10000,10200,10350,10550,0.0658,20-Jul,29.81,,,,,,
Cricket,F,C,11400,11600,11800,12000,12150,12350,0.0688,20-Jul,29.76,,,,,,
Cricket,F,N,13000,13200,13350,13550,13700,13900,0.0688,20-Jul,29.76,,,,,,
Cricket,F,B,14600,14800,14950,15150,15300,15500,0.0688,20-Jul,29.76,,,,,,
Cricket,G,N,16150,16350,16500,16700,16875,17075,0.0413,20-Jul,29.77,,,,,,
Cricket,G,C,17775,17975,18125,18325,18475,18675,0.0413,20-Jul,29.77,,,,,,
Cricket,G,B,19400,19600,19750,19950,20100,20300,0.0413,20-Jul,29.77,,,,,,
Cricket,H,B,21550,21750,21900,22100,22250,22450,0.0486,20-Jul,29.77,,,,,,
Cricket,H,N,23175,23375,23525,23725,23885,24085,0.0486,20-Jul,29.77,,,,,,
Cricket,H,C,24750,24950,25100,25300,25450,25650,0.0486,20-Jul,29.77,,,,,,
Cricket,Blank,Blank,0,200,350,550,700,900,NA,21-Jul,29.79,,,,,,
Cricket,I,B,1600,1800,1950,2150,2300,2500,0.0316,21-Jul,29.79,,,,,,
Cricket,I,N,3300,3500,3650,3850,4000,4200,0.0316,21-Jul,29.79,,,,,,
Cricket,I,C,4875,5075,5255,5455,5605,5805,0.0316,21-Jul,29.79,,,,,,
Cricket,J,B,6540,6740,6890,7090,7240,7440,0.0413,21-Jul,29.79,,,,,,
Cricket,J,C,8130,8330,8500,8700,8925,9125,0.0413,21-Jul,29.79,,,,,,
Cricket,J,N,9800,10000,10175,10375,10530,10730,0.0413,21-Jul,29.79,,,,,,
Cricket,K,B,11400,11600,11760,11960,12110,12310,0.0516,21-Jul,29.76,,,,,,
Cricket,K,C,13000,13200,13350,13550,13700,13900,0.0516,21-Jul,29.76,,,,,,
Cricket,K,N,14565,14765,14915,15115,15265,15465,0.0516,21-Jul,29.76,,,,,,
Cricket,L,N,16150,16350,16500,16700,16850,17050,0.0871,21-Jul,29.76,,,,,,
Cricket,L,C,17700,17900,18050,18250,18400,18600,0.0871,21-Jul,29.76,,,,,,
Cricket,L,B,19350,19550,19700,19900,20050,20250,0.0871,21-Jul,29.76,,,,,,
TRRA,A,C,300,500,700,900,1050,1250,0.0135,22-Jul,29.87,TA22J19,,,,,
TRRA,A,N,2300,2500,2800,3000,3300,3500,0.0135,22-Jul,29.87,TA22J19,,,,,
TRRA,A,B,4650,4850,5150,5350,5600,5800,0.0135,22-Jul,29.87,TA22J19,,,,,
TRRA,B,N,6750,6950,7200,7400,7600,7800,0.0306,22-Jul,29.85,TB22J19,,,,,
TRRA,B,C,8700,8900,9200,9400,9700,9900,0.0306,22-Jul,29.83,TB22J19,,,,,
TRRA,B,B,10900,11100,11200,11400,11600,11800,0.0306,22-Jul,29.8,TB22J19,,,,,
TRRA,C,C,12950,13150,13350,13550,13700,13900,0.0183,22-Jul,29.8,TC22J19,,,,,
TRRA,C,N,14950,15150,15300,15500,15800,16000,0.0183,22-Jul,29.79,TC22J19,,,,,
TRRA,C,B,16800,17000,17200,17400,17600,17800,0.0183,22-Jul,29.79,TC22J19,,,,,
TRRA,D,C,18400,18600,18750,18950,19100,19300,0.0123,22-Jul,29.77,TD22J19,,,,,
TRRA,D,N,20050,20250,20450,20650,20800,21000,0.0123,22-Jul,29.77,TD22J19,,,,,
TRRA,D,B,21800,22000,22200,22400,22600,22800,0.0123,22-Jul,29.76,TD22J19,,,,,
TRRA,E,B,23950,24150,24300,24500,24700,24900,0.0261,22-Jul,29.75,TE22J19,,,,,
TRRA,E,N,25700,25900,26100,26300,26600,26800,0.0261,22-Jul,29.75,TE22J19,,,,,
TRRA,E,C,27800,28000,28300,28500,28650,28850,0.0261,22-Jul,29.75,TE22J19,,,,,
TRRA,Blank,Blank,29350,29550,29700,29900,30150,30350,NA,22-Jul,29.75,,,,,,
TRRA,BlankWet,BlankWet,30500,30700,30900,31100,31300,31500,NA,22-Jul,29.75,,,,,,
TRRA,F,B,150,350,500,700,850,1050,0.0243,24 Jul,29.94,TF24J19,,,,,
TRRA,F,N,2200,2400,2550,2750,2950,3150,0.0243,24 Jul,29.94,TF24J19,,,,,
TRRA,F,C,3950,4150,4350,4550,4750,4950,0.0243,24 Jul,29.95,TF24J19,,,,,
TRRA,G,B,5850,6050,6200,6400,6550,6750,0.0151,24 Jul,29.95,TG24J19,,,,,
TRRA,G,C,7525,7725,7850,8050,8250,8450,0.0151,24 Jul,29.94,TG24J19,,,,,
TRRA,G,N,9300,9500,9650,9850,10000,10200,0.0151,24 Jul,29.94,TG24J19,,,,,
TRRA,H,B,11075,11275,11400,11600,11850,12050,0.0272,24 Jul,29.93,TH24J19,,,,,
TRRA,H,C,13250,13450,13850,14050,14200,14400,0.0272,24 Jul,29.93,TH24J19,,,,,
TRRA,H,N,15225,15425,15600,15800,16000,16200,0.0272,24 Jul,29.93,TH24J19,,,,,
TRRA,I,B,17200,17400,17550,17750,17900,18100,0.0186,24 Jul,29.93,TI24J19,,,,,
TRRA,I,N,19000,19200,19400,19600,19750,19950,0.0186,24 Jul,29.92,TI24J19,,,,,
TRRA,I,C,20800,21000,21150,21350,21550,21750,0.0186,24 Jul,29.92,TI24J19,,,,,
TRRA,K,C,22500,22700,22850,23050,23250,23450,NA,24 Jul,29.92,LOST,,,,,
TRRA,J,C,24950,25150,25300,25500,25700,25900,0.0471,24 Jul,29.92,TJ24J19,,,,,
TRRA,J,B,26700,26900,27100,27300,27450,27650,0.0471,24 Jul,29.92,TJ24J19,,,,,
TRRA,J,N,28450,28650,28800,29000,29150,29350,0.0471,24 Jul,29.92,TJ24J19,,,,,
TRRA,Blank,Blank,29500,29700,29850,30050,30200,30400,NA,24 Jul,29.92,,,,,,
Lynx,Blank,Blank,0,200,375,575,725,925,NA,26-Jul,30.26,,,,,,
Lynx,A,N,1625,1825,2010,2210,2400,2600,0.0311,26-Jul,30.26,,,,,,
Lynx,A,N_mesh,3360,3560,3710,3910,4075,4275,0.0311,26-Jul,30.26,,,,,,
Lynx,A,C,5000,5200,5350,5550,5700,5900,0.0311,26-Jul,30.26,,,,,,
Lynx,A,B,6750,6950,7150,7350,7500,7700,0.0311,26-Jul,30.26,,,,,,
Phiddipus,A,C,9100,9300,9450,9650,9800,10000,0.0613,26-Jul,30.26,,,,,,
Phiddipus,A,N,10800,11000,11175,11375,11550,11750,0.0613,26-Jul,30.26,,,,,,
Phiddipus,A,B,12500,12700,12855,13055,13280,13480,0.0613,26-Jul,30.26,,,,,,
Phiddipus,B,C,16200,16400,16550,16750,16900,17100,0.0522,26-Jul,30.27,,,,,,
Phiddipus,B,B,17875,18075,18225,18425,18575,18775,0.0522,26-Jul,30.27,,,,,,
Phiddipus,B,N,19500,19700,19875,20075,20225,20425,0.0522,26-Jul,30.27,,,,,,
Phiddipus,C,N,21150,21350,21500,21700,21850,22050,0.0532,26-Jul,30.26,,,,,,
Phiddipus,C,B,22785,22985,23135,23335,23485,23685,0.0532,26-Jul,30.26,,,,,,
Phiddipus,C,C,24425,24625,24775,24975,25125,25325,0.0532,26-Jul,30.26,,,,,,
Phiddipus,D,B,26300,26500,26650,26850,27175,27375,0.0150,26-Jul,30.25,,,,,,
Phiddipus,D,N,28100,28300,28450,28650,28800,29000,0.0150,26-Jul,30.25,,,,,,
Phiddipus,D,C,29700,29900,30050,30250,30400,30600,0.0150,26-Jul,30.25,,,,,,
Cricket,M,N,630,830,980,1180,1330,1530,0.0932,29-Jul,30.01,,,,,,
Cricket,M,B,2350,2550,2750,2950,3100,3300,0.0932,29-Jul,30.01,,,,,,
Cricket,M,C,4050,4250,4475,4675,4825,5025,0.0932,29-Jul,30.01,,,,,,
Cricket,N,B,5800,6000,6150,6350,6500,6700,0.0405,29-Jul,29.99,,,,,,
Cricket,N,N,7400,7600,7750,7950,8100,8300,0.0405,29-Jul,29.99,,,,,,
Cricket,N,C,8975,9175,9325,9525,9675,9875,0.0405,29-Jul,29.99,,,,,,
Cricket,O,B,10530,10730,10880,11080,11240,11440,0.0429,29-Jul,29.98,,,,,,
Cricket,O,N,12150,12350,12500,12700,12850,13050,0.0429,29-Jul,29.98,,,,,,
Cricket,O,C,13730,13930,14080,14280,14430,14630,0.0429,29-Jul,29.98,,,,,,
Cricket,P,C,15475,15675,15825,16025,16175,16375,0.0223,29-Jul,29.96,,,,,,
Cricket,P,B,17085,17285,17435,17635,17865,18065,0.0223,29-Jul,29.96,,,,,,
Cricket,P,N,18800,19000,19150,19350,19500,19700,0.0223,29-Jul,29.96,,,,,,
Cricket,Blank,Blank,19830,20030,20180,20380,20580,20780,NA,29-Jul,29.95,,,,,,
Cricket,Blank,Blank,15615,15815,15965,16165,16345,16545,NA,30-Jul,30.01,,,,,,
Cricket,Q,C,17190,17390,17540,17740,17890,18090,0.0479,30-Jul,30.00,,,,,,
Cricket,Q,N,18775,18975,19125,19325,19475,19675,0.0479,30-Jul,30.00,,,,,,
Cricket,Q,B,20360,20560,20710,20910,21060,21260,0.0479,30-Jul,30.00,,,,,,
Cricket,R,N,21900,22100,22250,22450,22600,22800,0.0465,30-Jul,29.99,,,,,,
Cricket,R,B,23480,23680,23830,24030,24180,24380,0.0465,30-Jul,29.99,,,,,,
Cricket,R,C,25040,25240,25390,25590,25740,25940,0.0465,30-Jul,29.99,,,,,,
Cricket,S,B,26580,26780,26930,27130,27280,27480,0.0351,30-Jul,29.97,,,,,,
Cricket,S,C,28175,28375,28525,28725,28880,29080,0.0351,30-Jul,29.97,,,,,,
Cricket,S,N,29770,29970,30120,30320,30470,30670,0.0351,30-Jul,29.97,,,,,,
TRRA,Blank,Blank,0,200,350,550,700,900,NA,30-Jul,30.01,,,,,,
TRRA,L,C,1570,1770,1920,2120,2270,2470,0.0248,30-Jul,30.01,,,,,,
TRRA,L,N,3250,3450,3600,3800,3950,4150,0.0248,30-Jul,30.01,,,,,,
TRRA,L,B,4875,5075,5270,5470,5630,5830,0.0248,30-Jul,30.01,,,,,,
TRRA,M,N,6500,6700,6875,7075,7230,7430,0.0192,30-Jul,30.01,,,,,,
TRRA,M,C,8150,8350,8500,8700,8850,9050,0.0192,30-Jul,30.01,,,,,,
TRRA,M,B,9790,9990,10140,10340,10490,10690,0.0192,30-Jul,30.01,,,,,,
TRRA,N,C,11375,11575,11725,11925,12075,12275,0.0207,30-Jul,30.01,,,,,,
TRRA,N,N,12940,13140,13290,13490,13680,13880,0.0207,30-Jul,30.01,,,,,,
TRRA,N,B,14575,14775,14925,15125,15275,15475,0.0207,30-Jul,30.01,,,,,,
Cricket,Blank,Blank,0,200,350,550,700,900,NA,31-Jul,30.03,,,,,,
Cricket,T,B,1555,1755,1905,2105,2255,2455,0.0555,31-Jul,30.03,,,,,,
Cricket,T,C,3145,3345,3495,3695,3845,4045,0.0555,31-Jul,30.03,,,,,,
Cricket,T,N,4730,4930,5080,5280,5430,5630,0.0555,31-Jul,30.03,,,,,,
ONAS,Blank,Blank,5775,5975,6080,6280,6430,6630,NA,31-Jul,30.03,,,,,,
ONAS,A,N,7285,7485,7640,7840,7990,8190,0.0671,31-Jul,30.03,,,,,,
ONAS,A,C,8850,9050,9200,9400,9550,9750,0.0671,31-Jul,30.03,,,,,,
ONAS,A,B,10430,10630,10780,10980,11130,11330,0.0671,31-Jul,30.03,,,,,,
ONAS,B,C,11965,12165,12315,12515,12665,12865,0.0694,31-Jul,30.04,,,,,,
ONAS,B,B,13580,13780,13940,14140,14290,14490,0.0694,31-Jul,30.04,,,,,,
ONAS,B,N,15175,15375,15525,15725,15875,16075,0.0694,31-Jul,30.04,,,,,,
ONAS,C,B,16700,16900,17050,17250,17400,17600,0.0693,31-Jul,30.02,,,,,,
ONAS,C,C,18260,18460,18610,18810,19030,19230,0.0693,31-Jul,30.02,,,,,,
ONAS,C,N,19975,20175,20325,20525,20675,20875,0.0693,31-Jul,30.02,,,,,,
ONAS,D,N,21540,21740,21910,22110,22260,22460,0.0996,31-Jul,30.01,,,,,,
ONAS,D,C,23150,23350,23530,23730,23880,24080,0.0996,31-Jul,30.01,,,,,,
ONAS,D,B,24745,24945,25095,25295,25445,25645,0.0996,31-Jul,30.01,,,,,,
ONAS,E,B,26365,26565,26715,26915,27065,27265,0.0683,31-Jul,29.99,,,,,,
ONAS,E,N,27975,28175,28325,28525,28675,28875,0.0683,31-Jul,29.99,,,,,,
ONAS,E,C,29550,29750,29900,30100,30250,30450,0.0683,31-Jul,29.99,,,,,,
ONAS,F,B,31100,31300,31450,31650,31800,32000,0.0379,31-Jul,30.01,,,,,,
ONAS,F,N,32675,32875,33025,33225,33400,33600,0.0379,31-Jul,30.01,,,,,,
ONAS,F,C,34325,34525,34675,34875,35050,35250,0.0379,31-Jul,30.01,,,,,,
ONAS,Blank,Blank,0,200,325,525,675,875,NA,1-Aug,30.05,,,,,,
ONAS,G,C,1525,1725,1875,2075,2225,2425,0.0724,1-Aug,30.06,,,,,,
ONAS,G,B,3025,3225,3380,3580,3745,3945,0.0724,1-Aug,30.06,,,,,,
ONAS,G,N,4630,4830,4980,5180,5345,5545,0.0724,1-Aug,30.06,,,,,,
ONAS,H,B,6200,6400,6550,6750,6900,7100,0.0723,1-Aug,30.08,,,,,,
ONAS,H,C,7760,7960,8110,8310,8460,8660,0.0723,1-Aug,30.08,,,,,,
ONAS,H,N,9400,9600,9750,9950,10115,10315,0.0723,1-Aug,30.08,,,,,,
ONAS,I,N,11000,11200,11350,11550,11700,11900,0.078,1-Aug,30.09,,,,,,
ONAS,I,B,12600,12800,12985,13185,13360,13560,0.078,1-Aug,30.09,,,,,,
ONAS,I,C,14250,14450,14615,14815,15045,15245,0.078,1-Aug,30.09,,,,,,
ONAS,J,B,16000,16200,16410,16610,16760,16960,0.0171,1-Aug,30.09,,,,,,
ONAS,J,C,17625,17825,17975,18175,18325,18525,0.0171,1-Aug,30.09,,,,,,
ONAS,J,N,19200,19400,19550,19750,19950,20150,0.0171,1-Aug,30.09,,,,,,
Phiddipus,Blank,Blank,0,200,350,550,700,900,NA,20-Aug,30.1,,,,,,
Phiddipus,E,N,1580,1780,1930,2130,2300,2500,0.0141,20-Aug,30.1,,,,,,
Phiddipus,E,C,3325,3525,3685,3885,4035,4235,0.0141,20-Aug,30.1,,,,,,
Phiddipus,E,B,4950,5150,5300,5500,5650,5850,0.0141,20-Aug,30.1,,,,,,
Phiddipus,F,N,6525,6725,6875,7075,7225,7425,0.0109,20-Aug,30.1,,,,,,
Phiddipus,F,B,8160,8360,8510,8710,8860,9060,0.0109,20-Aug,30.1,,,,,,
Phiddipus,F,C,9850,10050,10200,10400,10550,10750,0.0109,20-Aug,30.1,,,,,,
Phiddipus,G,C,12200,12400,12575,12775,12925,13125,0.0133,20-Aug,30.09,,,,,,
Phiddipus,G,N,13850,14050,14200,14400,14575,14775,0.0133,20-Aug,30.09,,,,,,
Phiddipus,G,B,15450,15650,15800,16000,16150,16350,0.0133,20-Aug,30.09,,,,,,
Phiddipus,H,C,17000,17200,17350,17550,17700,17900,0.0105,20-Aug,30.08,,,,,,
Phiddipus,H,B,18700,18900,19050,19250,19400,19600,0.0105,20-Aug,30.08,,,,,,
Phiddipus,H,N,20300,20500,20650,20850,21000,21200,0.0105,20-Aug,30.08,,,,,,
Phiddipus,I,N,21900,22100,22250,22450,22600,22800,0.0095,20-Aug,30.08,,,,,,
Phiddipus,I,B,23500,23700,23850,24050,24200,24400,0.0095,20-Aug,30.08,,,,,,
Phiddipus,I,C,25050,25250,25400,25600,25750,25950,0.0095,20-Aug,30.08,,,,,,
Phiddipus,Blank,Blank,0,200,350,550,700,900,NA,21-Aug,30,,,,,,
Phiddipus,J,B,1680,1880,2030,2230,2380,2580,0.017,21-Aug,29.97,,,,,,
Phiddipus,J,C,3275,3475,3625,3825,3990,4190,0.017,21-Aug,29.97,,,,,,
Phiddipus,J,N,4885,5085,5275,5475,5655,5855,0.017,21-Aug,29.97,,,,,,
Phiddipus,K,N,6700,6900,7060,7260,7410,7610,0.015,21-Aug,29.97,,,,,,
Phiddipus,K,B,8270,8470,8620,8820,8990,9190,0.015,21-Aug,29.97,,,,,,
Phiddipus,K,C,9950,10150,10300,10500,10665,10865,0.015,21-Aug,29.97,,,,,,
Phiddipus,L,B,11530,11730,11880,12080,12230,12430,0.0118,21-Aug,29.95,,,,,,
Phiddipus,L,C,13220,13420,13570,13770,13920,14120,0.0118,21-Aug,29.95,,,,,,
Phiddipus,L,N,14830,15030,15195,15395,15560,15760,0.0118,21-Aug,29.95,,,,,,
Phiddipus,M,N,16490,16690,16840,17040,17240,17440,0.0142,21-Aug,29.93,,,,,,
Phiddipus,M,B,18100,18300,18475,18675,18825,19025,0.0142,21-Aug,29.93,,,,,,
Phiddipus,M,C,19760,19960,20110,20310,20460,20660,0.0142,21-Aug,29.93,,,,,,
Phiddipus,N,B,21300,21500,21805,22005,22155,22355,0.0112,21-Aug,29.9,,,,,,
Phiddipus,N,C,23100,23300,23475,23675,23825,24025,0.0112,21-Aug,29.9,,,,,,
Phiddipus,N,N,24775,24975,25125,25325,25475,25675,0.0112,21-Aug,29.9,,,,,,
Phiddipus,O,N,26400,26600,26775,26975,27125,27325,0.0136,21-Aug,29.9,,,,,,
Phiddipus,O,C,27925,28125,28300,28500,28675,28875,0.0136,21-Aug,29.9,,,,,,
Phiddipus,O,B,29650,29850,30025,30225,30375,30575,0.0136,21-Aug,29.9,,,,,,
Phiddipus,Blank,Blank,0,200,350,550,700,900,NA,23-Aug,29.98,,,,,,
Phiddipus,P,N,1580,1780,1945,2145,2295,2495,0.0121,23-Aug,29.98,,,,,,
Phiddipus,P,C,3130,3330,3480,3680,3830,4030,0.0121,23-Aug,29.98,,,,,,
Phiddipus,P,B,4775,4975,5150,5350,5500,5700,0.0121,23-Aug,29.98,,,,,,
Phiddipus,Q,C,6335,6535,6720,6920,7070,7270,0.0126,23-Aug,30.01,,,,,,
Phiddipus,Q,N,7950,8150,8300,8500,8660,8860,0.0126,23-Aug,30.01,,,,,,
Phiddipus,Q,B,9600,9800,9950,10150,10300,10500,0.0126,23-Aug,30.01,,,,,,
Phiddipus,R,C,11150,11350,11500,11700,11860,12060,0.0122,23-Aug,30.01,,,,,,
Phiddipus,R,B,12760,12960,13125,13325,13475,13675,0.0122,23-Aug,30.01,,,,,,
Phiddipus,R,N,14490,14690,14840,15040,15190,15390,0.0122,23-Aug,30.01,,,,,,
Phiddipus,S,N,16050,16250,16400,16600,16750,16950,0.0147,23-Aug,29.98,,,,,,
Phiddipus,S,B,17600,17800,17950,18150,18300,18500,0.0147,23-Aug,29.98,,,,,,
Phiddipus,S,C,19200,19400,19550,19750,19900,20100,0.0147,23-Aug,29.98,,,,,,
Phiddipus,T,C,20750,20950,21100,21300,21475,21675,0.0117,23-Aug,29.98,,,,,,
Phiddipus,T,B,22450,22650,22825,23025,23175,23375,0.0117,23-Aug,29.98,,,,,,
Phiddipus,T,N,24050,24250,24400,24600,24750,24950,0.0117,23-Aug,29.98,,,,,,
TRRA,Blank,Blank,25100,25300,25450,25650,25800,26000,NA,23-Aug,29.98,,,,,,
TRRA,O,B,26800,27000,27150,27350,27560,27760,0.0288,23-Aug,29.99,,,,,,
TRRA,O,N,28450,28650,28800,29000,29150,29350,0.0288,23-Aug,29.99,,,,,,
TRRA,O,C,30030,30230,30380,30580,30730,30930,0.0288,23-Aug,29.99,,,,,,
TRRA,P,C,31600,31800,31950,32150,32300,32500,0.0336,23-Aug,29.98,,,,,,
TRRA,P,B,33200,33400,33550,33750,33925,34125,0.0336,23-Aug,29.98,,,,,,
TRRA,P,N,34730,34930,35080,35280,35430,35630,0.0336,23-Aug,29.98,,,,,,
Lynx,B_remove,N,6900,7100,7300,7500,7650,7850,0.0089,24-Aug,30.16,,,,,,
Lynx,B_remove,B,8700,8900,9050,9250,9400,9600,0.0089,24-Aug,30.16,,,,,,
Lynx,B_remove,C,10300,10500,10650,10850,11000,11200,0.0089,24-Aug,30.16,,,,,,
Lynx,Blank,Blank,11300,11500,11650,11850,12000,12200,NA,24-Aug,30.16,,,,,,
TRRA,Blank,Blank,0,200,350,550,700,900,NA,24-Aug,30.16,,,,,,
TRRA,Q,C,1640,1840,2030,2230,2380,2580,0.044,24-Aug,30.16,,,,,,
TRRA,Q,B,3300,3500,3650,3850,4000,4200,0.044,24-Aug,30.16,,,,,,
TRRA,Q,N,4900,5100,5250,5450,5600,5800,0.044,24-Aug,30.16,,,,,,
Lynx,Blank,Blank,0,200,350,550,700,900,NA,28-Aug,29.85,,,,,,
Lynx,B,C,1635,1835,1985,2185,2350,2550,0.0175,28-Aug,29.84,,,,,,
Lynx,B,N,3100,3300,3510,3710,3860,4060,0.0175,28-Aug,29.84,,,,,,
Lynx,B,B,4775,4975,5135,5335,5530,5730,0.0175,28-Aug,29.84,,,,,,
Lynx,C,C,6370,6570,6720,6920,7100,7300,0.0085,28-Aug,29.82,,,,,,
Lynx,C,N,7900,8100,8250,8450,8645,8845,0.0085,28-Aug,29.82,,,,,,
Lynx,C,B,9620,9820,10000,10200,10400,10600,0.0085,28-Aug,29.82,,,,,,
Lynx,D,N,11250,11450,11630,11830,12045,12245,0.018,28-Aug,29.82,,,,,,
Lynx,D,B,12900,13100,13250,13450,13600,13800,0.018,28-Aug,29.82,,,,,,
Lynx,D,C,14450,14650,14800,15000,15150,15350,0.018,28-Aug,29.82,,,,,,
Lynx,Blank,Blank,0,200,350,550,700,900,NA,29-Aug,29.86,,,,,,
Lynx,E,B,1555,1755,1905,2105,2255,2455,0.0136,29-Aug,29.86,,,,,,
Lynx,E,C,3150,3350,3500,3700,3850,4050,0.0136,29-Aug,29.86,,,,,,
Lynx,E,N,4725,4925,5150,5350,5545,5745,0.0136,29-Aug,29.86,,,,,,
Lynx,F,B,6410,6610,6760,6960,7110,7310,0.0092,29-Aug,29.85,,,,,,
Lynx,F,C,8000,8200,8350,8550,8700,8900,0.0092,29-Aug,29.85,,,,,,
Lynx,F,N,9620,9820,9970,10170,10320,10520,0.0092,29-Aug,29.85,,,,,,
Lynx,G,N,11260,11460,11610,11810,11960,12160,0.0206,29-Aug,29.84,,,,,,
Lynx,G,C,12880,13080,13230,13430,13680,13880,0.0206,29-Aug,29.84,,,,,,
Lynx,G,B,14545,14745,14915,15115,15250,15450,0.0206,29-Aug,29.84,,,,,,
Lynx,H,C,16010,16210,16360,16560,16720,16920,0.0246,29-Aug,29.85,,,,,,
Lynx,H,B,17650,17850,18020,18220,18370,18570,0.0246,29-Aug,29.85,,,,,,
Lynx,H,N,19250,19450,19680,19880,20030,20230,0.0246,29-Aug,29.85,,,,,,
Lynx,I,C,20860,21060,21250,21450,21600,21800,0.0145,29-Aug,29.86,,,,,,
Lynx,I,B,22500,22700,22850,23050,23200,23400,0.0145,29-Aug,29.86,,,,,,
Lynx,I,N,24050,24250,24400,24600,24750,24950,0.0145,29-Aug,29.86,,,,,,
TRRA,Blank,Blank,0,200,350,550,700,900,NA,3-Sep,30.06,,,,,,
TRRA,R,B,1565,1765,1915,2115,2265,2465,0.0457,3-Sep,30.04,,,,,,
TRRA,R,N,3530,3730,3880,4080,4230,4430,0.0457,3-Sep,30.04,,,,,,
TRRA,R,C,5160,5360,5540,5740,5890,6090,0.0457,3-Sep,30.04,,,,,,
TRRA,S,C,6750,6950,7100,7300,7465,7665,0.041,3-Sep,30.04,,,,,,
TRRA,S,B,8280,8480,8660,8860,9010,9210,0.041,3-Sep,30.04,,,,,,
TRRA,S,N,9900,10100,10250,10450,10600,10800,0.041,3-Sep,30.04,,,,,,
TRRA,T,B,11430,11630,11780,11980,12130,12330,0.0446,3-Sep,30.02,,,,,,
TRRA,T,N,13000,13200,13350,13550,13700,13900,0.0446,3-Sep,30.02,,,,,,
TRRA,T,C,14550,14750,14900,15100,15250,15450,0.0446,3-Sep,30.02,,,,,,
TRRA,U,C,16100,16300,16450,16650,16800,17000,0.023,3-Sep,30.03,,,,,,
TRRA,U,B,17670,17870,18020,18220,18385,18585,0.023,3-Sep,30.03,,,,,,
TRRA,U,N,19250,19450,19600,19800,19950,20150,0.023,3-Sep,30.03,,,,,,
ONAS,Blank,Blank,0,200,350,550,700,900,NA,4-Sep,29.88,,,,,,
ONAS,K,N,1550,1750,1900,2100,2250,2450,0.0827,4-Sep,29.86,,,,,,
ONAS,K,C,3100,3300,3450,3650,3800,4000,0.0827,4-Sep,29.86,,,,,,
ONAS,K,B,4660,4860,5010,5210,5360,5560,0.0827,4-Sep,29.86,,,,,,
ONAS,L,B,6280,6480,6630,6830,7000,7200,0.0556,4-Sep,29.86,,,,,,
ONAS,L,C,8025,8225,8375,8575,8725,8925,0.0556,4-Sep,29.86,,,,,,
ONAS,L,N,9600,9800,9950,10150,10300,10500,0.0556,4-Sep,29.86,,,,,,
ONAS,M,C,11140,11340,11490,11690,11840,12040,0.0843,4-Sep,29.86,,,,,,
ONAS,M,N,12700,12900,13050,13250,13400,13600,0.0843,4-Sep,29.86,,,,,,
ONAS,M,B,14230,14430,14580,14780,14930,15130,0.0843,4-Sep,29.86,,,,,,
ONAS,Blank,Blank,0,200,350,550,700,900,NA,5-Sep,30.09,,,,,,
ONAS,N,N,1570,1770,1960,2160,2310,2510,0.0803,5-Sep,30.09,,,,,,
ONAS,N,B,3200,3400,3550,3750,3900,4100,0.0803,5-Sep,30.09,,,,,,
ONAS,N,C,4760,4960,5110,5310,5460,5660,0.0803,5-Sep,30.09,,,,,,
ONAS,O,B,6290,6490,6660,6860,7010,7210,0.0303,5-Sep,30.07,,,,,,
ONAS,O,N,7860,8060,8210,8410,8565,8765,0.0303,5-Sep,30.07,,,,,,
ONAS,O,C,9430,9630,9780,9980,10130,10330,0.0303,5-Sep,30.07,,,,,,
ONAS,P,N,10960,11160,11310,11510,11660,11860,0.0974,5-Sep,30.06,,,,,,
ONAS,P,C,12500,12700,12850,13050,13200,13400,0.0974,5-Sep,30.06,,,,,,
ONAS,P,B,14050,14250,14400,14600,14750,14950,0.0974,5-Sep,30.06,,,,,,
MEFE,Blank,Blank,0,200,350,550,700,900,NA,7-Sep,29.72,,,,,,
MEFE,A,C,1700,1900,2050,2250,2400,2600,0.2684,7-Sep,29.76,,,,,,
MEFE,A,N,3260,3460,3610,3810,3970,4170,0.2684,7-Sep,29.76,,,,,,
MEFE,A,B,4900,5100,5250,5450,5600,5800,0.2684,7-Sep,29.76,,,,,,
MEFE,B,C,6730,6930,7080,7280,7430,7630,1.5801,7-Sep,29.76,,,,,,
MEFE,B,B,8515,8715,8865,9065,9215,9415,1.5801,7-Sep,29.76,,,,,,
MEFE,B,N,10375,10575,10725,10925,11075,11275,1.5801,7-Sep,29.76,,,,,,
MEFE,C,N,11950,12150,12300,12500,12650,12850,0.2082,7-Sep,29.78,,,,,,
MEFE,C,B,13530,13730,13880,14080,14260,14460,0.2082,7-Sep,29.78,,,,,,
MEFE,C,C,15200,15400,15550,15750,15900,16100,0.2082,7-Sep,29.78,,,,,,
MEFE,Blank,Blank,0,200,350,550,700,900,NA,8-Sep,29.97,,,,,,
MEFE,D,B,1600,1800,1950,2150,2300,2500,0.2588,8-Sep,29.97,,,,,,
MEFE,D,C,3175,3375,3525,3725,3875,4075,0.2588,8-Sep,29.97,,,,,,
MEFE,D,N,4730,4930,5080,5280,5430,5630,0.2588,8-Sep,29.97,,,,,,
MEFE,E,N,6400,6600,6750,6950,7100,7300,0.3685,8-Sep,29.99,,,,,,
MEFE,E,C,7980,8180,8330,8530,8690,8890,0.3685,8-Sep,29.99,,,,,,
MEFE,E,B,9550,9750,9900,10100,10330,10530,0.3685,8-Sep,29.99,,,,,,
MEFE,F,B,11330,11530,11680,11880,12030,12230,0.1939,8-Sep,30.03,,,,,,
MEFE,F,N,12930,13130,13290,13490,13640,13840,0.1939,8-Sep,30.03,,,,,,
MEFE,F,C,14500,14700,14875,15075,15225,15425,0.1939,8-Sep,30.03,,,,,,
MEFE,G,B,16050,16250,16400,16600,16750,16950,0.5088,8-Sep,30.04,,,,,,
MEFE,G,C,17800,18000,18150,18350,18500,18700,0.5088,8-Sep,30.04,,,,,,
MEFE,G,N,19360,19560,19710,19910,20060,20260,0.5088,8-Sep,30.04,,,,,,
MEFE,H,B,20950,21150,21300,21500,21650,21850,0.5918,8-Sep,30.02,,,,,,
MEFE,H,C,22530,22730,22880,23080,23230,23430,0.5918,8-Sep,30.02,,,,,,
MEFE,H,N,24050,24250,24400,24600,24750,24950,0.5918,8-Sep,30.02,,,,,,
MEFE,I,B,25575,25775,25925,26125,26275,26475,0.3944,8-Sep,30.03,,,,,,
MEFE,I,C,27200,27400,27550,27750,27900,28100,0.3944,8-Sep,30.03,,,,,,
MEFE,I,N,28775,28975,29125,29325,29475,29675,0.3944,8-Sep,30.03,,,,,,
MEFE,J,N,30350,30550,30700,30900,31050,31250,0.4479,8-Sep,30.03,,,,,,
MEFE,J,B,31915,32115,32265,32465,32615,32815,0.4479,8-Sep,30.03,,,,,,
MEFE,J,C,33475,33675,33825,34025,34175,34375,0.4479,8-Sep,30.03,,,,,,
MEFE,K,N,35040,35240,35410,35610,35760,35960,0.2731,8-Sep,30.03,,,,,,
MEFE,K,B,36780,36980,37130,37330,37480,37680,0.2731,8-Sep,30.03,,,,,,
MEFE,K,C,38970,39170,39320,39520,39670,39870,0.2731,8-Sep,30.03,,,,,,
MEFE,L,B,40780,40980,41130,41330,41480,41680,0.3674,8-Sep,30.05,,,,,,
MEFE,L,N,42415,42615,42765,42965,43115,43315,0.3674,8-Sep,30.05,,,,,,
MEFE,L,C,44050,44250,44400,44600,44750,44950,0.3674,8-Sep,30.05,,,,,,
MEFE,M,B,45800,46000,46175,46375,46525,46725,0.2283,8-Sep,30.07,,,,,,
MEFE,M,C,47400,47600,47750,47950,48100,48300,0.2283,8-Sep,30.07,,,,,,
MEFE,M,N,48985,49185,49335,49535,49685,49885,0.2283,8-Sep,30.07,,,,,,
MEFE,Blank,Blank,0,200,350,550,700,900,NA,9-Sep,30.24,,,,,,
MEFE,N,B,1515,1715,1865,2065,2215,2415,0.2656,9-Sep,30.25,,,,,,
MEFE,N,C,3115,3315,3465,3665,3815,4015,0.2656,9-Sep,30.25,,,,,,
MEFE,N,N,4685,4885,5035,5235,5385,5585,0.2656,9-Sep,30.25,,,,,,
MEFE,O,B,12050,12250,12400,12600,12750,12950,0.4101,9-Sep,30.26,,,,,,
MEFE,O,N,13675,13875,14025,14225,14385,14585,0.4101,9-Sep,30.26,,,,,,
MEFE,O,C,15285,15485,15635,15835,15990,16190,0.4101,9-Sep,30.26,,,,,,
MEFE,P,N,16825,17025,17175,17375,17525,17725,0.5652,9-Sep,30.27,,,,,,
MEFE,P,B,18400,18600,18750,18950,19100,19300,0.5652,9-Sep,30.27,,,,,,
MEFE,P,C,19975,20175,20325,20525,20675,20875,0.5652,9-Sep,30.27,,,,,,
MEFE,Q,B,21515,21715,21880,22080,22230,22430,0.4873,9-Sep,30.26,,,,,,
MEFE,Q,C,23150,23350,23500,23700,23850,24050,0.4873,9-Sep,30.26,,,,,,
MEFE,Q,N,24775,24975,25125,25325,25475,25675,0.4873,9-Sep,30.26,,,,,,
MEFE,R,N,29175,29375,29525,29725,29875,30075,0.4147,9-Sep,30.24,,,,,,
MEFE,R,C,30750,30950,31100,31300,31450,31650,0.4147,9-Sep,30.24,,,,,,
MEFE,R,B,32300,32500,32650,32850,33000,33200,0.4147,9-Sep,30.24,,,,,,
MEFE,S,N,33820,34020,34170,34370,34520,34720,0.2857,9-Sep,30.26,,,,,,
MEFE,S,C,35380,35580,35730,35930,36080,36280,0.2857,9-Sep,30.26,,,,,,
MEFE,S,B,36915,37115,37265,37465,37615,37815,0.2857,9-Sep,30.26,,,,,,
MEFE,T,B,38600,38800,38975,39175,39325,39525,0.4171,9-Sep,30.25,,,,,,
MEFE,T,N,40200,40400,40550,40750,40900,41100,0.4171,9-Sep,30.25,,,,,,
MEFE,T,C,41890,42090,42240,42440,42675,42875,0.4171,9-Sep,30.25,,,,,,
Lynx,Blank,NA,0,200,350,550,700,900,NA,10-Sep,30.36,,,,,,
Lynx,J,B,1540,1740,1890,2090,2250,2450,0.0208,10-Sep,30.36,,,,,,
Lynx,J,C,3115,3315,3505,3705,3855,4055,0.0208,10-Sep,30.36,,,,,,
Lynx,J,N,4770,4970,5170,5370,5520,5720,0.0208,10-Sep,30.36,,,,,,
Lynx,K,B,6360,6560,6785,6985,7215,7415,0.0149,10-Sep,30.35,,,,,,
Lynx,K,C,8475,8675,8825,9025,9215,9415,0.0149,10-Sep,30.35,,,,,,
Lynx,K,N,10080,10280,10430,10630,10780,10980,0.0149,10-Sep,30.35,,,,,,
Lynx,L,C,11700,11900,12170,12370,12550,12750,0.0171,10-Sep,30.32,,,,,,
Lynx,L,N,13430,13630,13800,14000,14380,14580,0.0171,10-Sep,30.32,,,,,,
Lynx,L,B,15250,15450,15650,15850,16125,16325,0.0171,10-Sep,30.32,,,,,,
Lynx,M,C,16975,17175,17350,17550,17790,17990,0.0146,10-Sep,30.31,,,,,,
Lynx,M,N,18650,18850,19030,19230,19400,19600,0.0146,10-Sep,30.31,,,,,,
Lynx,M,B,20360,20560,20825,21025,21250,21450,0.0146,10-Sep,30.31,,,,,,
Lynx,N,C,22100,22300,22450,22650,22800,23000,0.0151,10-Sep,30.29,,,,,,
Lynx,N,N,23840,24040,24190,24390,24600,24800,0.0151,10-Sep,30.29,,,,,,
Lynx,N,B,25515,25715,25865,26065,26215,26415,0.0151,10-Sep,30.29,,,,,,